,0
age_group,-5.991
offense_Violent_Sex,5.397
prison_years,2.978
offense_Missing,-1.46
Prior_Arrest_Episodes_Felony,1.419
offense_Drug,-1.076
Condition_Other,0.872
Prior_Revocations_Parole,0.763
Prior_Conviction_Episodes_Prop,0.746
Prior_Conviction_Episodes_Drug,0.673
Prior_Conviction_Episodes_PPViolationCharges,0.672
puma_15,0.668
Prior_Conviction_Episodes_Misd,-0.66
Condition_Cog_Ed,0.549
Prior_Arrest_Episodes_DVCharges,-0.497
offense_Violent_Non_Sex,-0.433
puma_5,0.417
puma_20,0.405
Condition_MH_SA,-0.357
offense_Other,-0.325
Prior_Arrest_Episodes_PPViolationCharges,0.315
Prior_Arrest_Episodes_Property,0.297
puma_16,-0.282
puma_2,-0.262
puma_19,0.244
puma_8,-0.195
Prior_Conviction_Episodes_Viol,0.194
Prior_Revocations_Probation,0.188
dependents,-0.176
puma_21,-0.173
Prior_Conviction_Episodes_Felony,-0.166
puma_6,-0.165
puma_17,0.153
puma_23,-0.143
puma_24,0.143
puma_25,0.142
Prior_Arrest_Episodes_Misd,-0.14
puma_4,-0.136
Prior_Arrest_Episodes_GunCharges,0.128
puma_14,-0.125
male,-0.119
education,-0.116
puma_3,0.108
puma_11,0.107
puma_22,0.087
Prior_Conviction_Episodes_DVCharges,0.075
puma_13,-0.064
puma_10,-0.064
puma_9,-0.063
gang_affiliated,-0.057
puma_12,-0.048
puma_18,0.046
Prior_Arrest_Episodes_Violent,-0.026
Prior_Arrest_Episodes_Drug,-0.021
puma_7,-0.013
Prior_Conviction_Episodes_GunCharges,0.002
