n,sigma,share_Optimal,share_MJCA,share_DM,share_DR-OPL,share_Observed (pi0),best_thr
500,5,0.26,0.72,0.433,0.44,0.587,0.5
500,10,0.167,0.733,0.413,0.433,0.587,0.45
2000,5,0.253,0.717,0.445,0.458,0.585,0.7
2000,10,0.172,0.733,0.447,0.45,0.585,0.55
4000,5,0.256,0.657,0.459,0.468,0.587,0.75
4000,10,0.17,0.668,0.452,0.455,0.587,0.55
6000,3,0.306,0.626,0.464,0.473,0.586,0.8
6000,4,0.276,0.628,0.459,0.472,0.586,0.8
6000,5,0.252,0.628,0.461,0.469,0.586,0.75
6000,6,0.231,0.631,0.464,0.471,0.586,0.7
6000,7,0.212,0.63,0.458,0.464,0.586,0.65
6000,8,0.199,0.632,0.459,0.462,0.585,0.525
6000,10,0.173,0.634,0.458,0.459,0.586,0.55
6000,12,0.153,0.636,0.453,0.456,0.586,0.5
6000,15,0.127,0.64,0.449,0.448,0.586,0.55
6000,20,0.102,0.64,0.444,0.442,0.586,0.55
8000,5,0.254,0.613,0.463,0.47,0.585,0.7
8000,10,0.174,0.619,0.46,0.462,0.586,0.5
10000,5,0.255,0.605,0.468,0.475,0.586,0.7
10000,10,0.171,0.61,0.459,0.459,0.586,0.55
