decile,q_MJCA,q_DM0,q_DM1,p0_true,p1_true,r_obs,A
0,0.276,0.2046,0.6645,0.1684,0.7829,0.2496,0.154
1,0.3883,0.2958,0.6106,0.2715,0.6858,0.3891,0.3297
2,0.4336,0.3554,0.5741,0.3454,0.6259,0.4513,0.4533
3,0.4558,0.4051,0.5394,0.4112,0.5724,0.4764,0.5389
4,0.4633,0.4501,0.5053,0.4716,0.5216,0.4805,0.6046
5,0.4638,0.4901,0.4739,0.5256,0.4774,0.4731,0.6571
6,0.4557,0.5263,0.4419,0.5778,0.4341,0.4591,0.7013
7,0.4403,0.5573,0.4098,0.6269,0.3953,0.44,0.7425
8,0.4166,0.5834,0.3766,0.675,0.3537,0.4122,0.7851
9,0.297,0.4502,0.271,0.7903,0.2433,0.287,0.8854
