n,sigma,AUC_MJCA,AUC_DM,AUC_ps
500,5,0.588,0.706,0.674
500,10,0.551,0.597,0.676
2000,5,0.629,0.799,0.718
2000,10,0.582,0.669,0.716
4000,5,0.647,0.822,0.737
4000,10,0.597,0.694,0.737
6000,3,0.69,0.898,0.745
6000,4,0.67,0.863,0.746
6000,5,0.66,0.831,0.746
6000,6,0.646,0.804,0.745
6000,7,0.634,0.775,0.745
6000,8,0.624,0.752,0.745
6000,10,0.605,0.706,0.746
6000,12,0.589,0.674,0.746
6000,15,0.571,0.632,0.746
6000,20,0.552,0.592,0.745
8000,5,0.665,0.839,0.751
8000,10,0.612,0.717,0.752
10000,5,0.673,0.845,0.755
10000,10,0.614,0.72,0.755
