n,sigma,V*,MJCA,MJCA (best thr),MJCA (thr 0.2),DM,DR-OPL,Observed (pi0)
500,5,0.220,"0.273 [0.147, 0.407]","0.220 [0.127, 0.327]","0.273 [0.147, 0.407]","0.073 [0.027, 0.140]","0.093 [0.046, 0.160]","0.153 [0.093, 0.240]"
500,10,0.313,"0.180 [0.087, 0.280]","0.140 [0.067, 0.227]","0.180 [0.087, 0.280]","0.067 [0.020, 0.133]","0.080 [0.033, 0.133]","0.100 [0.047, 0.160]"
2000,5,0.223,"0.290 [0.168, 0.400]","0.238 [0.148, 0.340]","0.290 [0.170, 0.402]","0.040 [0.020, 0.068]","0.042 [0.023, 0.063]","0.157 [0.108, 0.208]"
2000,10,0.312,"0.185 [0.105, 0.270]","0.153 [0.093, 0.237]","0.188 [0.110, 0.268]","0.038 [0.017, 0.067]","0.042 [0.023, 0.063]","0.100 [0.065, 0.148]"
4000,5,0.223,"0.292 [0.164, 0.409]","0.239 [0.151, 0.344]","0.296 [0.182, 0.405]","0.033 [0.017, 0.053]","0.033 [0.022, 0.048]","0.157 [0.116, 0.206]"
4000,10,0.315,"0.183 [0.107, 0.270]","0.153 [0.098, 0.240]","0.193 [0.122, 0.269]","0.032 [0.016, 0.051]","0.033 [0.022, 0.048]","0.097 [0.068, 0.142]"
6000,3,0.174,"0.366 [0.207, 0.484]","0.294 [0.190, 0.398]","0.368 [0.222, 0.470]","0.031 [0.016, 0.049]","0.029 [0.019, 0.043]","0.192 [0.137, 0.242]"
6000,4,0.198,"0.324 [0.183, 0.452]","0.262 [0.171, 0.368]","0.329 [0.207, 0.441]","0.029 [0.015, 0.050]","0.029 [0.020, 0.042]","0.174 [0.129, 0.222]"
6000,5,0.225,"0.288 [0.151, 0.409]","0.236 [0.145, 0.340]","0.292 [0.176, 0.398]","0.028 [0.014, 0.047]","0.029 [0.020, 0.041]","0.155 [0.117, 0.208]"
6000,6,0.249,"0.255 [0.138, 0.384]","0.216 [0.128, 0.321]","0.265 [0.161, 0.372]","0.028 [0.013, 0.045]","0.029 [0.019, 0.042]","0.140 [0.104, 0.188]"
6000,7,0.268,"0.233 [0.124, 0.345]","0.194 [0.117, 0.293]","0.244 [0.148, 0.338]","0.027 [0.014, 0.046]","0.029 [0.020, 0.041]","0.128 [0.096, 0.174]"
6000,8,0.284,"0.211 [0.112, 0.317]","0.181 [0.108, 0.276]","0.222 [0.136, 0.308]","0.027 [0.013, 0.047]","0.029 [0.019, 0.042]","0.116 [0.084, 0.158]"
6000,10,0.312,"0.179 [0.103, 0.279]","0.156 [0.098, 0.238]","0.191 [0.128, 0.271]","0.027 [0.013, 0.046]","0.029 [0.020, 0.042]","0.098 [0.071, 0.141]"
6000,12,0.336,"0.156 [0.092, 0.239]","0.136 [0.086, 0.211]","0.171 [0.116, 0.238]","0.027 [0.013, 0.046]","0.029 [0.019, 0.041]","0.084 [0.061, 0.121]"
6000,15,0.363,"0.133 [0.078, 0.199]","0.115 [0.073, 0.175]","0.149 [0.094, 0.202]","0.028 [0.013, 0.047]","0.029 [0.019, 0.042]","0.069 [0.049, 0.104]"
6000,20,0.391,"0.107 [0.061, 0.162]","0.093 [0.057, 0.142]","0.119 [0.077, 0.169]","0.028 [0.014, 0.046]","0.029 [0.019, 0.042]","0.054 [0.037, 0.081]"
8000,5,0.227,"0.280 [0.150, 0.410]","0.239 [0.144, 0.345]","0.287 [0.172, 0.395]","0.025 [0.013, 0.044]","0.027 [0.019, 0.038]","0.155 [0.118, 0.203]"
8000,10,0.312,"0.180 [0.095, 0.278]","0.155 [0.090, 0.242]","0.197 [0.122, 0.262]","0.024 [0.011, 0.043]","0.026 [0.018, 0.036]","0.098 [0.072, 0.140]"
10000,5,0.224,"0.291 [0.140, 0.416]","0.238 [0.138, 0.340]","0.293 [0.171, 0.392]","0.021 [0.012, 0.040]","0.025 [0.017, 0.035]","0.154 [0.118, 0.199]"
10000,10,0.313,"0.180 [0.095, 0.276]","0.155 [0.091, 0.236]","0.199 [0.126, 0.262]","0.021 [0.009, 0.038]","0.024 [0.017, 0.035]","0.099 [0.073, 0.139]"
