capacity,policy,V_DR,lo,hi,diff_vs_risk,diff_lo,diff_hi
0.0,Risk ranking (MJCA-type),0.5343,0.5111,0.5552,0.0,0.0,0.0
0.0,DM ranking,0.5343,0.5111,0.5552,0.0,0.0,0.0
0.0,DR-learner ranking,0.5343,0.5111,0.5552,0.0,0.0,0.0
0.0,Random allocation,0.5343,0.5111,0.5552,0.0,0.0,0.0
0.0,Benchmark: Georgia risk score,0.5343,0.5111,0.5552,0.0,0.0,0.0
0.1,Risk ranking (MJCA-type),0.5356,0.5128,0.555,0.0,0.0,0.0
0.1,DM ranking,0.5441,0.5212,0.5649,0.0085,-0.0023,0.0193
0.1,DR-learner ranking,0.5476,0.5247,0.5692,0.012,0.0008,0.0233
0.1,Random allocation,0.5403,0.5194,0.5595,0.0047,-0.003,0.0117
0.1,Benchmark: Georgia risk score,0.5386,0.5154,0.5595,0.003,-0.0068,0.0128
0.2,Risk ranking (MJCA-type),0.5433,0.5221,0.5631,0.0,0.0,0.0
0.2,DM ranking,0.5491,0.5264,0.5691,0.0058,-0.0103,0.021
0.2,DR-learner ranking,0.5465,0.5252,0.5672,0.0032,-0.0129,0.0196
0.2,Random allocation,0.5463,0.5276,0.5643,0.003,-0.0085,0.0137
0.2,Benchmark: Georgia risk score,0.5471,0.5247,0.5682,0.0038,-0.0109,0.0182
0.3,Risk ranking (MJCA-type),0.5536,0.5333,0.5729,0.0,0.0,0.0
0.3,DM ranking,0.554,0.5322,0.5729,0.0005,-0.0176,0.0176
0.3,DR-learner ranking,0.5507,0.5295,0.571,-0.0028,-0.0217,0.0161
0.3,Random allocation,0.5523,0.5345,0.5688,-0.0013,-0.0144,0.0116
0.3,Benchmark: Georgia risk score,0.5588,0.537,0.58,0.0052,-0.0123,0.022
0.4,Risk ranking (MJCA-type),0.5592,0.5394,0.5779,0.0,0.0,0.0
0.4,DM ranking,0.5599,0.5393,0.5791,0.0007,-0.0185,0.0191
0.4,DR-learner ranking,0.5522,0.5313,0.5722,-0.0071,-0.0277,0.0122
0.4,Random allocation,0.5583,0.5425,0.5735,-0.0009,-0.0158,0.0122
0.4,Benchmark: Georgia risk score,0.5659,0.5455,0.5873,0.0066,-0.0109,0.0255
0.5,Risk ranking (MJCA-type),0.5649,0.5472,0.5842,0.0,0.0,0.0
0.5,DM ranking,0.5689,0.5475,0.5881,0.0041,-0.0152,0.0241
0.5,DR-learner ranking,0.557,0.5367,0.5782,-0.0078,-0.0282,0.0113
0.5,Random allocation,0.5643,0.5497,0.5793,-0.0005,-0.0152,0.0125
0.5,Benchmark: Georgia risk score,0.5599,0.539,0.5818,-0.005,-0.0239,0.0131
0.6,Risk ranking (MJCA-type),0.5679,0.5492,0.5867,0.0,0.0,0.0
0.6,DM ranking,0.5695,0.5495,0.5898,0.0016,-0.0176,0.021
0.6,DR-learner ranking,0.5629,0.5421,0.5828,-0.005,-0.0258,0.014
0.6,Random allocation,0.5704,0.5557,0.5849,0.0024,-0.0122,0.0153
0.6,Benchmark: Georgia risk score,0.5653,0.5441,0.5889,-0.0026,-0.0224,0.0159
0.7,Risk ranking (MJCA-type),0.5748,0.5563,0.5934,0.0,0.0,0.0
0.7,DM ranking,0.5733,0.5518,0.5928,-0.0015,-0.0198,0.0163
0.7,DR-learner ranking,0.5696,0.5496,0.5898,-0.0052,-0.0242,0.0113
0.7,Random allocation,0.5764,0.5617,0.5915,0.0016,-0.0114,0.0136
0.7,Benchmark: Georgia risk score,0.5682,0.5485,0.591,-0.0065,-0.0222,0.0101
0.8,Risk ranking (MJCA-type),0.5835,0.565,0.6018,0.0,0.0,0.0
0.8,DM ranking,0.5831,0.563,0.6019,-0.0004,-0.0173,0.0167
0.8,DR-learner ranking,0.5804,0.5604,0.5989,-0.0031,-0.0171,0.0107
0.8,Random allocation,0.5824,0.5671,0.5981,-0.0011,-0.0119,0.0097
0.8,Benchmark: Georgia risk score,0.5754,0.5562,0.596,-0.008,-0.0215,0.0056
0.9,Risk ranking (MJCA-type),0.5872,0.5695,0.6045,0.0,0.0,0.0
0.9,DM ranking,0.5871,0.5683,0.6054,-0.0001,-0.0118,0.0115
0.9,DR-learner ranking,0.5861,0.5663,0.6062,-0.0011,-0.0132,0.0101
0.9,Random allocation,0.5884,0.5715,0.6058,0.0012,-0.006,0.0089
0.9,Benchmark: Georgia risk score,0.5843,0.5662,0.6041,-0.0029,-0.0121,0.0072
1.0,Risk ranking (MJCA-type),0.5944,0.5752,0.6133,0.0,0.0,0.0
1.0,DM ranking,0.5944,0.5752,0.6133,0.0,0.0,0.0
1.0,DR-learner ranking,0.5944,0.5752,0.6133,0.0,0.0,0.0
1.0,Random allocation,0.5944,0.5752,0.6133,0.0,0.0,0.0
1.0,Benchmark: Georgia risk score,0.5944,0.5752,0.6133,0.0,0.0,0.0
