,mean_A1,mean_A0,SMD_raw,SMD_ipw
male,0.892,0.856,0.108,-0.007
black,0.588,0.557,0.063,0.012
age_group,3.396,4.486,-0.609,-0.039
gang_affiliated,0.192,0.106,0.243,-0.005
risk_score_missing,0.007,0.007,0.0,0.011
risk_score,7.214,4.772,1.208,0.821
education,1.751,1.858,-0.148,0.01
dependents,1.402,1.572,-0.14,0.011
prison_years,1.474,1.096,0.341,-0.005
Prior_Arrest_Episodes_Felony,5.556,5.737,-0.057,0.023
Prior_Arrest_Episodes_Misd,3.1,3.495,-0.173,-0.01
Prior_Arrest_Episodes_Violent,0.992,1.018,-0.023,-0.001
Prior_Arrest_Episodes_Property,2.181,2.162,0.01,0.023
Prior_Arrest_Episodes_Drug,1.649,1.91,-0.154,0.014
Prior_Arrest_Episodes_PPViolationCharges,2.253,2.289,-0.019,0.016
Prior_Arrest_Episodes_DVCharges,0.148,0.185,-0.101,0.002
Prior_Arrest_Episodes_GunCharges,0.27,0.252,0.043,0.029
Prior_Conviction_Episodes_Felony,1.325,1.444,-0.102,0.006
Prior_Conviction_Episodes_Misd,1.628,1.839,-0.137,-0.003
Prior_Conviction_Episodes_Viol,0.328,0.315,0.028,0.004
Prior_Conviction_Episodes_Prop,1.097,1.073,0.02,0.031
Prior_Conviction_Episodes_Drug,0.722,0.809,-0.104,0.023
Prior_Conviction_Episodes_PPViolationCharges,0.317,0.316,0.003,0.02
Prior_Conviction_Episodes_DVCharges,0.076,0.086,-0.034,0.022
Prior_Conviction_Episodes_GunCharges,0.138,0.124,0.04,0.016
Prior_Revocations_Parole,0.103,0.075,0.1,-0.022
Prior_Revocations_Probation,0.144,0.139,0.016,0.006
Condition_MH_SA,0.635,0.687,-0.111,-0.024
Condition_Cog_Ed,0.486,0.396,0.183,-0.003
Condition_Other,0.39,0.251,0.301,0.005
offense_Violent_Sex,0.057,0.001,0.339,-0.08
offense_Violent_Non_Sex,0.24,0.188,0.127,0.006
offense_Drug,0.159,0.251,-0.229,-0.009
offense_Other,0.105,0.109,-0.014,-0.011
offense_Missing,0.1,0.166,-0.195,-0.009
