,MJCA_coef,MJCA_se,DM_coef,DM_se
A,,,0.168,0.038
Condition_Cog_Ed,-0.045,0.037,-0.049,0.037
Condition_MH_SA,0.284,0.039,0.289,0.039
Condition_Other,0.079,0.043,0.069,0.043
Prior_Arrest_Episodes_DVCharges,0.059,0.058,0.067,0.058
Prior_Arrest_Episodes_Drug,0.002,0.018,0.002,0.018
Prior_Arrest_Episodes_Felony,0.067,0.012,0.065,0.012
Prior_Arrest_Episodes_GunCharges,0.035,0.048,0.033,0.048
Prior_Arrest_Episodes_Misd,0.051,0.014,0.052,0.014
Prior_Arrest_Episodes_PPViolationCharges,0.098,0.016,0.098,0.016
Prior_Arrest_Episodes_Property,0.109,0.02,0.108,0.02
Prior_Arrest_Episodes_Violent,0.05,0.024,0.049,0.024
Prior_Conviction_Episodes_DVCharges,-0.086,0.079,-0.09,0.079
Prior_Conviction_Episodes_Drug,-0.017,0.034,-0.021,0.034
Prior_Conviction_Episodes_Felony,0.034,0.023,0.035,0.023
Prior_Conviction_Episodes_GunCharges,-0.077,0.063,-0.076,0.063
Prior_Conviction_Episodes_Misd,0.068,0.02,0.071,0.02
Prior_Conviction_Episodes_PPViolationCharges,-0.127,0.048,-0.136,0.048
Prior_Conviction_Episodes_Prop,-0.003,0.028,-0.006,0.028
Prior_Conviction_Episodes_Viol,0.05,0.051,0.05,0.051
Prior_Revocations_Parole,0.36,0.064,0.344,0.064
Prior_Revocations_Probation,-0.116,0.051,-0.12,0.051
age_group,-0.308,0.012,-0.292,0.012
const,-0.248,0.133,-0.382,0.136
dependents,0.015,0.015,0.016,0.015
education,0.024,0.025,0.025,0.025
gang_affiliated,0.857,0.056,0.859,0.056
male,0.445,0.054,0.45,0.054
offense_Drug,-0.177,0.059,-0.165,0.059
offense_Missing,-0.033,0.063,-0.009,0.063
offense_Other,-0.083,0.068,-0.079,0.068
offense_Violent_Non_Sex,-0.072,0.061,-0.068,0.061
offense_Violent_Sex,-0.42,0.111,-0.479,0.112
prison_years,-0.142,0.018,-0.155,0.018
puma_10,0.329,0.151,0.334,0.151
puma_11,0.18,0.128,0.18,0.129
puma_12,0.015,0.127,0.016,0.127
puma_13,0.115,0.196,0.118,0.196
puma_14,0.069,0.123,0.074,0.123
puma_15,0.072,0.142,0.053,0.143
puma_16,-0.061,0.128,-0.053,0.128
puma_17,0.171,0.118,0.172,0.118
puma_18,0.071,0.13,0.072,0.13
puma_19,-0.019,0.129,-0.021,0.129
puma_2,-0.072,0.126,-0.06,0.126
puma_20,0.318,0.124,0.308,0.124
puma_21,0.096,0.143,0.1,0.143
puma_22,0.235,0.133,0.237,0.134
puma_23,0.092,0.159,0.097,0.159
puma_24,0.071,0.135,0.071,0.135
puma_25,0.205,0.135,0.204,0.135
puma_3,0.08,0.122,0.08,0.122
puma_4,-0.064,0.118,-0.06,0.118
puma_5,0.034,0.126,0.023,0.126
puma_6,-0.127,0.125,-0.122,0.125
puma_7,0.141,0.125,0.142,0.125
puma_8,-0.111,0.117,-0.107,0.117
puma_9,0.125,0.146,0.127,0.146
