policy,share_treated,V_DR,DR_lo,DR_hi,V_SNIPS,V_DM,diff_vs_MJCA,diff_lo,diff_hi
Observed (pi0),0.5867,0.5697,0.5579,0.5804,0.5698,0.5722,0.0039,-0.0105,0.017
Treat none,0.0,0.5343,0.5111,0.5552,0.5487,0.5436,-0.0316,-0.0564,-0.0095
Treat all,1.0,0.5944,0.5752,0.6133,0.5962,0.5919,0.0286,0.0109,0.0457
Case 1: MJCA,0.5927,0.5659,0.5475,0.5848,0.5727,0.574,0.0,0.0,0.0
Case 2: DM,0.1958,0.5475,0.525,0.5677,0.5616,0.5527,-0.0183,-0.0405,0.0016
Case 2: DM (capacity),0.5758,0.5678,0.5477,0.5875,0.5674,0.5697,0.0019,-0.0177,0.0211
Case 2b: DR-learner,0.3755,0.5539,0.5332,0.5742,0.5647,0.5614,-0.012,-0.0327,0.0075
Case 2b: DR-learner (capacity),0.5934,0.5617,0.5404,0.5817,0.5665,0.5715,-0.0042,-0.0248,0.0146
Benchmark: Georgia risk score,0.5854,0.5655,0.5446,0.5893,0.5716,0.574,-0.0003,-0.0195,0.0176
Case 3: DR-OPL,0.2829,0.5555,0.5346,0.5747,0.5654,0.5573,-0.0104,-0.0321,0.0088
