grid,level,case,median,lo,hi,gap_median,gap_lo,gap_hi
N,500,Case0,0.22,0.14,0.34,0.0,0.0,0.0
N,500,Case1,0.4867,0.3932,0.58,0.26,0.1333,0.3733
N,500,Case2,0.4867,0.32,0.5933,0.2533,0.1,0.3867
N,500,Case3_orig,0.2867,0.1867,0.4537,0.06,0.0133,0.2
N,500,Case3,0.28,0.1867,0.42,0.06,0.0133,0.12
N,500,share_treated_Case3_orig,0.4933,,,,,
N,500,share_treated_Case3,0.48,,,,,
N,2000,Case0,0.225,0.1533,0.3217,0.0,0.0,0.0
N,2000,Case1,0.4833,0.425,0.535,0.2617,0.1516,0.3384
N,2000,Case2,0.425,0.2916,0.525,0.195,0.0717,0.315
N,2000,Case3_orig,0.2667,0.1883,0.405,0.0425,0.02,0.11
N,2000,Case3,0.2667,0.19,0.3767,0.0417,0.02,0.0733
N,2000,share_treated_Case3_orig,0.5117,,,,,
N,2000,share_treated_Case3,0.4767,,,,,
N,4000,Case0,0.2208,0.1575,0.2992,0.0,0.0,0.0
N,4000,Case1,0.4762,0.425,0.5233,0.2571,0.1583,0.3317
N,4000,Case2,0.3592,0.2592,0.5,0.1317,0.0508,0.2808
N,4000,Case3_orig,0.2596,0.1917,0.36,0.0367,0.02,0.0884
N,4000,Case3,0.2533,0.1875,0.3442,0.0325,0.0175,0.0559
N,4000,share_treated_Case3_orig,0.5267,,,,,
N,4000,share_treated_Case3,0.4742,,,,,
N,6000,Case0,0.2217,0.1639,0.3045,0.0,0.0,0.0
N,6000,Case1,0.4719,0.4167,0.5245,0.2494,0.1455,0.3261
N,6000,Case2,0.3228,0.2372,0.47,0.0956,0.0422,0.2356
N,6000,Case3_orig,0.26,0.1894,0.3656,0.035,0.0183,0.0851
N,6000,Case3,0.2503,0.1894,0.3394,0.0267,0.015,0.0478
N,6000,share_treated_Case3_orig,0.5356,,,,,
N,6000,share_treated_Case3,0.4772,,,,,
N,8000,Case0,0.22,0.1621,0.305,0.0,0.0,0.0
N,8000,Case1,0.4694,0.4192,0.5254,0.2492,0.1524,0.3296
N,8000,Case2,0.2969,0.2229,0.4504,0.0688,0.0346,0.1993
N,8000,Case3_orig,0.2583,0.19,0.4088,0.0333,0.0183,0.1551
N,8000,Case3,0.2442,0.1829,0.3417,0.0229,0.0129,0.0429
N,8000,share_treated_Case3_orig,0.5354,,,,,
N,8000,share_treated_Case3,0.4792,,,,,
N,10000,Case0,0.221,0.1646,0.3047,0.0,0.0,0.0
N,10000,Case1,0.4703,0.4167,0.5233,0.2478,0.1503,0.3193
N,10000,Case2,0.2805,0.2173,0.4154,0.0547,0.0303,0.1551
N,10000,Case3_orig,0.2575,0.1903,0.4074,0.0317,0.0177,0.174
N,10000,Case3,0.2417,0.1847,0.3283,0.02,0.012,0.035
N,10000,share_treated_Case3_orig,0.5398,,,,,
N,10000,share_treated_Case3,0.481,,,,,
noise_std,3,Case0,0.1642,0.1178,0.2439,0.0,0.0,0.0
noise_std,3,Case1,0.4822,0.4222,0.5211,0.3164,0.2066,0.3767
noise_std,3,Case2,0.2261,0.1722,0.3361,0.0578,0.0339,0.134
noise_std,3,Case3_orig,0.1978,0.1433,0.3811,0.0308,0.0167,0.2139
noise_std,3,Case3,0.1878,0.1372,0.2739,0.0233,0.0128,0.0372
noise_std,3,share_treated_Case3_orig,0.52,,,,,
noise_std,3,share_treated_Case3,0.4828,,,,,
noise_std,4,Case0,0.1939,0.1411,0.2767,0.0,0.0,0.0
noise_std,4,Case1,0.4756,0.42,0.52,0.28,0.1722,0.35
noise_std,4,Case2,0.2736,0.2094,0.4134,0.0722,0.0367,0.2017
noise_std,4,Case3_orig,0.2311,0.1667,0.3567,0.0328,0.0172,0.1256
noise_std,4,Case3,0.22,0.165,0.3095,0.025,0.0133,0.0433
noise_std,4,share_treated_Case3_orig,0.5261,,,,,
noise_std,4,share_treated_Case3,0.4778,,,,,
noise_std,5,Case0,0.2217,0.1639,0.3045,0.0,0.0,0.0
noise_std,5,Case1,0.4719,0.4167,0.5245,0.2494,0.1455,0.3261
noise_std,5,Case2,0.3228,0.2372,0.47,0.0956,0.0422,0.2356
noise_std,5,Case3_orig,0.26,0.1894,0.3656,0.035,0.0183,0.0851
noise_std,5,Case3,0.2503,0.1894,0.3394,0.0267,0.015,0.0478
noise_std,5,share_treated_Case3_orig,0.5356,,,,,
noise_std,5,share_treated_Case3,0.4772,,,,,
noise_std,6,Case0,0.2478,0.1844,0.3272,0.0,0.0,0.0
noise_std,6,Case1,0.4711,0.4205,0.5233,0.2219,0.1278,0.3
noise_std,6,Case2,0.3767,0.275,0.5011,0.1219,0.0439,0.2617
noise_std,6,Case3_orig,0.2872,0.2133,0.3911,0.0372,0.0194,0.0828
noise_std,6,Case3,0.2772,0.2128,0.3661,0.0294,0.0161,0.055
noise_std,6,share_treated_Case3_orig,0.5378,,,,,
noise_std,6,share_treated_Case3,0.4783,,,,,
noise_std,7,Case0,0.2694,0.205,0.3478,0.0,0.0,0.0
noise_std,7,Case1,0.4708,0.4205,0.5217,0.1997,0.1144,0.2761
noise_std,7,Case2,0.4244,0.306,0.5133,0.1472,0.0483,0.2583
noise_std,7,Case3_orig,0.31,0.2372,0.4057,0.0383,0.02,0.0828
noise_std,7,Case3,0.3031,0.2344,0.3933,0.0322,0.0167,0.0606
noise_std,7,share_treated_Case3_orig,0.5428,,,,,
noise_std,7,share_treated_Case3,0.4767,,,,,
